,schemeCode,nav
schemeCode,1.0,-0.009153496736397407
nav,-0.009153496736397407,1.0
