,schemeCode,nav
schemeCode,1.0,-0.007043733069272694
nav,-0.007043733069272694,1.0
