year,nav
2006,58.36264181812292
2007,61.546090913260336
2008,64.23088546739133
2009,76.80429834942204
2010,100.85337196446913
2011,112.96514375156633
2012,155.6189421999195
2013,180.68348775542006
2014,159.36220369295515
2015,162.59304648080632
2016,159.69766802093136
2017,177.98922681610514
2018,201.90683098723633
2019,199.23341272397113
2020,220.20327053474006
2021,246.48207340259088
2022,287.69886613448193
2023,293.25919158581735
2024,291.1721958511126
